problem	logic	sort	vampire_s
LIA_20190429_UltimateAutomizerSvcomp2019_jain_7_true_unreach_call_true_no_overflow_false_termination_i_8	LIA	ℤ	0.02
LIA_UltimateAutomizer_Primes_true_unreach_call_c_670	LIA	ℤ	0.01
LIA_UltimateAutomizer_Primes_true_unreach_call_c_678	LIA	ℤ	0.01
LIA_UltimateAutomizer_Primes_true_unreach_call_c_798	LIA	ℤ	0.01
LIA_UltimateAutomizer_nested9_true_unreach_call_i_1170	LIA	ℤ	0.01
LIA_UltimateAutomizer_nested9_true_unreach_call_i_1337	LIA	ℤ	0.01
LIA_UltimateAutomizer_nested9_true_unreach_call_i_1379	LIA	ℤ	0.01
LIA_UltimateAutomizer_nested9_true_unreach_call_i_1471	LIA	ℤ	0.01
LIA_UltimateAutomizer_nested9_true_unreach_call_i_1676	LIA	ℤ	0.01
LIA_UltimateAutomizer_nested9_true_unreach_call_i_1736	LIA	ℤ	0.01
LIA_UltimateAutomizer_nested9_true_unreach_call_i_1741	LIA	ℤ	0.01
LIA_UltimateAutomizer_nested9_true_unreach_call_i_1777	LIA	ℤ	0.01
LIA_UltimateAutomizer_nested9_true_unreach_call_i_1786	LIA	ℤ	0.01
LIA_UltimateAutomizer_nested9_true_unreach_call_i_1789	LIA	ℤ	0.01
LIA_UltimateAutomizer_nested9_true_unreach_call_i_179	LIA	ℤ	0.01
LIA_UltimateAutomizer_nested9_true_unreach_call_i_1879	LIA	ℤ	0.01
LIA_UltimateAutomizer_nested9_true_unreach_call_i_1887	LIA	ℤ	0.48
LIA_UltimateAutomizer_nested9_true_unreach_call_i_277	LIA	ℤ	0.01
LIA_UltimateAutomizer_nested9_true_unreach_call_i_637	LIA	ℤ	0.09
LIA_UltimateAutomizer_nested9_true_unreach_call_i_755	LIA	ℤ	0.12
LIA_UltimateAutomizer_nested9_true_unreach_call_i_763	LIA	ℤ	0.12
LIA_UltimateAutomizer_nested9_true_unreach_call_i_807	LIA	ℤ	0.20
LIA_UltimateAutomizer_nested9_true_unreach_call_i_927	LIA	ℤ	0.75
LIA_UltimateAutomizer_recHanoi03_true_unreach_call_true_termination_c_2715	LIA	ℤ	0.11
LIA_UltimateAutomizer_recHanoi03_true_unreach_call_true_termination_c_278	LIA	ℤ	0.11
LIA_tptp_ARI025_1	LIA	ℤ	0.01
LIA_tptp_ARI027_1	LIA	ℤ	0.01
LIA_tptp_ARI079_1	LIA	ℤ	0.01
LIA_tptp_ARI083_1	LIA	ℤ	0.01
LIA_tptp_NUM916_1	LIA	ℤ	0.00
LRA_2010_Monniaux_QE_mjollnir1_formula_092	LRA	ℚ	0.02
LRA_2010_Monniaux_QE_mjollnir1_formula_133	LRA	ℚ	0.02
LRA_2010_Monniaux_QE_mjollnir2_formula_150	LRA	ℚ	0.17
LRA_2010_Monniaux_QE_mjollnir2_formula_218	LRA	ℚ	0.01
LRA_2010_Monniaux_QE_mjollnir3_formula_087	LRA	ℚ	0.10
LRA_2010_Monniaux_QE_mjollnir3_formula_199	LRA	ℚ	0.70
LRA_2010_Monniaux_QE_mjollnir3_formula_237	LRA	ℚ	0.01
LRA_2010_Monniaux_QE_mjollnir4_formula_052	LRA	ℚ	0.15
LRA_2010_Monniaux_QE_mjollnir4_formula_148	LRA	ℚ	0.17
LRA_2010_Monniaux_QE_mjollnir4_formula_152	LRA	ℚ	0.25
LRA_2010_Monniaux_QE_mjollnir4_formula_180	LRA	ℚ	0.80
LRA_2010_Monniaux_QE_mjollnir4_formula_228	LRA	ℚ	0.16
LRA_2010_Monniaux_QE_mjollnir4_formula_235	LRA	ℚ	0.29
LRA_2010_Monniaux_QE_mjollnir4_formula_271	LRA	ℚ	0.14
LRA_2010_Monniaux_QE_mjollnir4_formula_272	LRA	ℚ	0.29
LRA_2010_Monniaux_QE_mjollnir5_formula_066	LRA	ℚ	0.03
LRA_2010_Monniaux_QE_mjollnir5_formula_199	LRA	ℚ	0.71
LRA_2010_Monniaux_QE_mjollnir5_formula_204	LRA	ℚ	0.72
LRA_2010_Monniaux_QE_mjollnir5_formula_215	LRA	ℚ	0.63
LRA_2010_Monniaux_QE_mjollnir5_formula_228	LRA	ℚ	0.04
LRA_2010_Monniaux_QE_mjollnir5_formula_231	LRA	ℚ	0.69
LRA_2010_Monniaux_QE_mjollnir5_formula_295	LRA	ℚ	0.27
LRA_keymaera_intersection_example_simple_proof_node406896	LRA	ℚ	0.01
LRA_keymaera_intersection_example_simple_proof_node427939	LRA	ℚ	0.01
LRA_keymaera_intersection_example_simple_proof_node464724	LRA	ℚ	0.01
LRA_keymaera_intersection_example_simple_proof_node47263	LRA	ℚ	0.01
LRA_keymaera_intersection_example_simple_proof_node679744	LRA	ℚ	0.01
LRA_keymaera_intersection_example_simple_proof_node683817	LRA	ℚ	0.01
LRA_keymaera_intersection_example_simple_proof_node75772	LRA	ℚ	0.01
LRA_scholl_smt08_RNDPRE_RNDPRE_4_44	LRA	ℚ	0.33
LRA_scholl_smt08_RND_RND_4_12	LRA	ℚ	0.19
LRA_scholl_smt08_RND_RND_6_2	LRA	ℚ	0.06
LRA_tptp_ARI348_1	LRA	ℚ	0.01
NRA_keymaera_bouncing_ball_simple_node5965	NRA	ℝ	0.63
NRA_keymaera_intersection_example_onelane_proof_node1479	NRA	ℝ	0.01
NRA_keymaera_intersection_example_onelane_proof_node37527	NRA	ℝ	0.01
NRA_keymaera_intersection_example_onelane_proof_node50551	NRA	ℝ	0.01
NRA_keymaera_intersection_example_simple_proof_node105659	NRA	ℝ	0.01
NRA_keymaera_intersection_example_simple_proof_node126205	NRA	ℝ	0.01
NRA_keymaera_intersection_example_simple_proof_node138307	NRA	ℝ	0.01
NRA_keymaera_intersection_example_simple_proof_node151933	NRA	ℝ	0.01
NRA_keymaera_intersection_example_simple_proof_node235069	NRA	ℝ	0.01
NRA_keymaera_intersection_example_simple_proof_node259905	NRA	ℝ	0.01
NRA_keymaera_intersection_example_simple_proof_node292958	NRA	ℝ	0.01
NRA_keymaera_intersection_example_simple_proof_node32879	NRA	ℝ	0.01
NRA_keymaera_intersection_example_simple_proof_node330991	NRA	ℝ	0.01
NRA_keymaera_intersection_example_simple_proof_node336420	NRA	ℝ	0.01
NRA_keymaera_intersection_example_simple_proof_node371777	NRA	ℝ	0.01
NRA_keymaera_intersection_example_simple_proof_node414675	NRA	ℝ	0.01
NRA_keymaera_intersection_example_simple_proof_node429260	NRA	ℝ	0.01
NRA_keymaera_intersection_example_simple_proof_node439181	NRA	ℝ	0.01
NRA_keymaera_intersection_example_simple_proof_node466705	NRA	ℝ	0.01
NRA_keymaera_intersection_example_simple_proof_node473297	NRA	ℝ	0.01
NRA_keymaera_intersection_example_simple_proof_node473954	NRA	ℝ	0.01
NRA_keymaera_intersection_example_simple_proof_node479094	NRA	ℝ	0.01
NRA_keymaera_intersection_example_simple_proof_node501872	NRA	ℝ	0.01
NRA_keymaera_intersection_example_simple_proof_node569475	NRA	ℝ	0.01
NRA_keymaera_intersection_example_simple_proof_node65382	NRA	ℝ	0.01
NRA_keymaera_intersection_example_simple_proof_node677960	NRA	ℝ	0.01
NRA_keymaera_intersection_example_simple_proof_node683513	NRA	ℝ	0.01
NRA_keymaera_intersection_example_simple_proof_node691038	NRA	ℝ	0.01
NRA_keymaera_intersection_example_simple_proof_node694878	NRA	ℝ	0.01
NRA_keymaera_intersection_example_simple_proof_node698127	NRA	ℝ	0.01
NRA_keymaera_intersection_example_simple_proof_node711125	NRA	ℝ	0.01
NRA_keymaera_intersection_example_simple_proof_node718417	NRA	ℝ	0.01
NRA_keymaera_intersection_example_simple_proof_node87211	NRA	ℝ	0.01
UFIDL_Burns_burns11	UFIDL	ℤ	0.01
UFIDL_Burns_burns12	UFIDL	ℤ	0.01
UFIDL_RicartAgrawala_ricart_agrawala10	UFIDL	ℤ	0.23
UFIDL_sledgehammer_QEpres_smtlib_858765	UFIDL	ℤ	0.01
